<?xml version="1.0" encoding="utf-8"?>
<modification>
	<code>rees46</code>
	<name>REES46</name>
	<version>1.7.1</version>
	<author>p0v1n0m</author>
	<link>rees46.com</link>
	<file path="admin/model/extension/module.php">
		<operation>
			<search><![CDATA[
$this->db->query("INSERT INTO `" . DB_PREFIX . "module` SET `name` = '" . $this->db->escape($data['name']) . "', `code` = '" . $this->db->escape($code) . "', `setting` = '" . $this->db->escape(json_encode($data)) . "'");
			]]></search>
			<add position="after"><![CDATA[
		return $this->db->getLastId();
			]]></add>
		</operation>
	</file>
	<file path="catalog/controller/common/header.php">
		<operation>
			<search><![CDATA[
$data['cart'] = $this->load->controller('common/cart');
			]]></search>
			<add position="after"><![CDATA[
		$data['rees46'] = $this->load->controller('common/rees46');
			]]></add>
		</operation>
	</file>
	<file path="catalog/view/theme/*/template/common/header.tpl">
		<operation>
			<search><![CDATA[
</head>
			]]></search>
			<add position="before"><![CDATA[
<?php echo $rees46; ?>
			]]></add>
		</operation>
	</file>
	<file path="catalog/controller/checkout/success.php">
		<operation>
			<search><![CDATA[
$this->cart->clear();
			]]></search>
			<add position="before"><![CDATA[
			if ($this->config->get('rees46_tracking_status')) {
				$data['rees46_status'] = $this->config->get('rees46_tracking_status');

				$this->load->model('account/order');

				foreach ($this->model_account_order->getOrderProducts($this->session->data['order_id']) as $product) {
					$rees46_checkout['products'][] = array(
						'id'     => $product['product_id'],
						'price'  => $product['price'],
						'amount' => $product['quantity']
					);
				}

				$order_info = $this->model_account_order->getOrder($this->session->data['order_id']);

				$rees46_checkout['order'] = $this->session->data['order_id'];
				$rees46_checkout['order_price'] = $order_info['total'];

				$data['rees46_checkout'] = json_encode($rees46_checkout);
			}
			]]></add>
		</operation>
	</file>
	<file path="catalog/view/theme/*/template/common/success.tpl">
		<operation>
			<search><![CDATA[
<?php echo $header; ?>
			]]></search>
			<add position="after"><![CDATA[
<?php if (isset($rees46_status)) { ?><script type="text/javascript"><!--
r46('track', 'purchase', <?php echo $rees46_checkout; ?>);
--></script><?php } ?>
			]]></add>
		</operation>
	</file>
</modification>